,precision,recall,f1-score,support
SEC-Subtype_IVa,0.9865771812080537,0.735,0.8424068767908309,200.0
SEC-Subtype_IVa2,0.8468085106382979,0.995,0.9149425287356322,200.0
SEC-Subtype_IVc,0.734375,0.94,0.8245614035087719,200.0
SEC-Subtype_IVd,0.8324324324324325,0.77,0.8000000000000002,200.0
SEC-Subtype_Ia,0.9234449760765551,0.965,0.9437652811735943,200.0
SEC-Subtype_Va,0.927710843373494,0.77,0.8415300546448088,200.0
accuracy,0.8625,0.8625,0.8625,0.8625
macro avg,0.8752248239548055,0.8625000000000002,0.8612010241422731,1200.0
weighted avg,0.8752248239548055,0.8625,0.8612010241422731,1200.0
