,precision,recall,f1-score,support
SEC-Subtype_IVa,0.8926553672316384,0.79,0.8381962864721486,200.0
SEC-Subtype_IVa2,0.8716814159292036,0.985,0.9248826291079811,200.0
SEC-Subtype_IVc,0.6866197183098591,0.975,0.8057851239669421,200.0
SEC-Subtype_IVd,0.7195767195767195,0.68,0.6992287917737788,200.0
SEC-Subtype_Ia,0.9751243781094527,0.98,0.9775561097256857,200.0
SEC-Subtype_Va,0.9349593495934959,0.575,0.7120743034055729,200.0
accuracy,0.8308333333333333,0.8308333333333333,0.8308333333333333,0.8308333333333333
macro avg,0.8467694914583949,0.8308333333333334,0.8262872074086848,1200.0
weighted avg,0.8467694914583949,0.8308333333333333,0.8262872074086848,1200.0
